id,number
101803308,105
101816056,180
101803595,190
101803004,194
101803192,174
101803225,132
101803284,112
101803606,145
101803670,105
101803147,190
101803152,111
101803618,183
101816011,119
401803008,150
101803174,176
101803637,170
101803696,101
101803049,188
101803269,145
101803047,190
101866012,149
101803334,100
101803365,175
101803065,171
101803146,199
101853028,165
101803176,156
101803231,137
101803601,127
101803048,167
101803292,128
101803118,172
101803591,198
101803359,178
101983031,129
101803234,177
101803650,126
101803470,180
101803169,168
101816046,155
101803217,196
101803487,198
101803594,153
101803482,182
101803651,115
101803315,177
101803543,169
101803324,183
101816035,175
101803644,188
101803099,139
101803043,139
101803342,175
101803669,187
101803191,132
101803215,143
101866017,186
101816041,rr
101853034,190
101816010,200
101803202,144
101803333,166
101803613,159
101803579,153
101803084,147
101803407,120
101803671,112
101803384,157
101803512,125
101803389,
10180279,120
101803608,160
101983056,139
101803705,161
101866010,199
101803167,196
101803676,132
101803368,110
101803476,145
101803013,
101803295,168
101803522,140
101983041,154
101803400,167
101816005,110
101816053,126
101803638,179
101853037,182
101803492,134
101803503,180
101803064,ss
101803596,150
101803142,119
101803111,163
101803135,197
101803019,150
101983042,131
101803149,192
101803346,111
101803504,122
101983061,124
101803099,115
101803159,157
101803272,
10853014,124
101983050,166
101803491,155
101803620,150
401803026,191
101803454,162
101803170,109
101853029,131
101803559,195
101803225,183
101816018,184
401803010,138
101803461,126
101803598,113
101803278,131
401803023,173
101803243,124
101803613,176
101803259,172
101803268,200
101803189,105
101983044,161
101803097,138
11803590,148
101803157,114
101853033,113
101803506,152
101803258,110
101803531,140
101983021,189
101803221,139
101803138,104
101803163,183
101803045,172
101803235,178
101803013,154
101803415,173
101803108,176
101803456,130
101816005,105
101803625,178
101983034,101
101803689,169
101803479,148
101803020,103
101803414,163
101866015,102
101866020,171
101803728,164
101803051,142
101803201,172
101983011,199
101803151,124
101816034,145
101983029,177
101983065,150
101803132,101
101803298,166
101803402,123
101816023,123
101816019,156
101803175,180
101803102,122
101803466,139
101803106,134
101803011,130
101803104,144
101803511,172
101983047,168
101803699,107
401803036,157
101866008,174
101803143,190
101803277,x
101866019,162
101803103,rr
101803293,109
101803390,200
101803431,122
101866002,186
101803617,191
101803281,178
101803408,193
101816040,128
101816012,126
101803419,112
101816004,122
101816052,137
101803706,184
101803575,133
101803533,123
101803319,101
101803414,151
101803158,110
101803614,cc
101803413,199
101803109,150
101983048,114
101803121,158
101803674,120
101803061,144
101803035,112
101803690,156
101803567,186
101803366,121
101803162,176
101816028,163
101803413,178
101803529,153
101803693,110
101803201,130
101803411,192
101803683,182
101816038,151
101803564,131
101803613,194
101816043,108
101803581,194
101803352,109
101803214,104
101803496,123
101803290,102
101853025,146
101803469,180
101803372,135
101803206,
101803318,141
101803702,171
101866020,146
101816029,187
101983065,120
101866011,168
101803029,156
101803453,145
101803165,156
101803156,168
101816025,199
101816041,
101853018,
101803022,140
101803610,134
101853039,102
101983018,123
101803603,141
101983043,194
101803128,114
101803409,134
101803190,ff
101803042,109
101983054,137
101983045,128
101803327,140
101803166,106
101803440,171
101816003,150
101803624,188
101866009,144
101803688,170
101803209,rr
101803002,187
101983041,102
101983065,106
101803604,157
101803185,174
101803544,111
101803273,tt
101803628,187
101816044,198
101803549,118
101803600,199
101803580,169
101803115,170
101803003,197
101803720,145
101803173,107
101853016,152
101983052,152
101803655,126
101983063,114
101983033,191
101816021,143
101803472,192
101803123,177
101803384,122
101803252,158
101853020,143
101853021,140
101983060,141
101803536,157
401803034,118
101803401,101
101803095,tt
101803562,120
101803184,193
101803201,173
101803116,178
101803126,155
101803605,188
101803589,112
101803685,170
101803585,119
101803561,158
101803623,149
101803059,104
101803171,102
101816037,160
101803499,179
101983051,133
101816001,197
101803202,151
101803252,160
101816051,190
101803686,164
101816047,122
101803008,104
101803214,145
101803691,180
101803692,181
101803609,125
101803097,183
101803023,102
101803137,125
101803272,129
101803669,100
101803216,169
101803248,151
101803635,147
101803139,181
101983044,178
101803209,147
101803233,197
101816023,113
101803523,107
101803100,103
101803193,134
101803473,108
101983043,132
101803122,153
101983058,161
101803252,193
101983036,134
101803017,149
101803329,183
101803189,194
101803573,103
101803006,185
101803725,131
101983062,181
101803412,172
101803207,181
101803271,153
101803178,172
101803413,105
101803246,180
101803175,111
101983063,190
101803473,140
101803075,166
101803546,168
401853006,194
101803036,117
101803010,157
101816020,130
101803013,199
101803112,166
101803545,112
101853035,188
101803154,191
101853019,157
101803005,198
101853003,113
101803277,161
101803715,178
101803141,109
101803528,101
101803457,181
101803516,137
101816051,114
101803025,139
101803542,155
101803660,175
101816041,164
